,Community,Year,Count
11,1,2001,51
12,1,2002,5899
13,1,2003,7628
14,1,2004,7587
15,1,2005,7484
16,1,2006,7155
17,1,2007,6783
18,1,2008,6388
19,1,2009,5878
20,1,2010,5571
21,1,2011,5107
22,1,2012,4919
23,1,2013,4421
24,1,2014,3777
25,1,2015,3508
26,1,2016,3638
27,1,2017,4069
28,1,2018,2898
29,2,2001,37
30,2,2002,3940
31,2,2003,5195
32,2,2004,5735
33,2,2005,5807
34,2,2006,6024
35,2,2007,5250
36,2,2008,5378
37,2,2009,5164
38,2,2010,4879
39,2,2011,4413
40,2,2012,4024
41,2,2013,3803
42,2,2014,3393
43,2,2015,3051
44,2,2016,3257
45,2,2017,3538
46,2,2018,2614
47,3,2001,70
48,3,2002,5863
49,3,2003,7464
50,3,2004,7413
51,3,2005,7490
52,3,2006,6780
53,3,2007,6381
54,3,2008,5904
55,3,2009,5125
56,3,2010,5069
57,3,2011,4763
58,3,2012,4961
59,3,2013,4276
60,3,2014,3791
61,3,2015,3563
62,3,2016,3517
63,3,2017,3475
64,3,2018,2679
65,4,2001,33
66,4,2002,2573
67,4,2003,3251
68,4,2004,3341
69,4,2005,3350
70,4,2006,3268
71,4,2007,2840
72,4,2008,2743
73,4,2009,2607
74,4,2010,2559
75,4,2011,2310
76,4,2012,2325
77,4,2013,2215
78,4,2014,1892
79,4,2015,1739
80,4,2016,1957
81,4,2017,1950
82,4,2018,1487
83,5,2001,24
84,5,2002,2359
85,5,2003,3256
86,5,2004,3130
87,5,2005,2974
88,5,2006,2810
89,5,2007,2625
90,5,2008,2542
91,5,2009,2406
92,5,2010,2061
93,5,2011,1940
94,5,2012,1916
95,5,2013,1717
96,5,2014,1531
97,5,2015,1369
98,5,2016,1369
99,5,2017,1372
100,5,2018,958
101,6,2001,52
102,6,2002,6416
103,6,2003,8611
104,6,2004,8616
105,6,2005,7708
106,6,2006,7818
107,6,2007,7975
108,6,2008,8072
109,6,2009,7654
110,6,2010,7458
111,6,2011,7502
112,6,2012,7653
113,6,2013,6804
114,6,2014,5666
115,6,2015,5468
116,6,2016,5948
117,6,2017,5594
118,6,2018,4416
119,7,2001,56
120,7,2002,5860
121,7,2003,7889
122,7,2004,7286
123,7,2005,6571
124,7,2006,6642
125,7,2007,6899
126,7,2008,6700
127,7,2009,6032
128,7,2010,5795
129,7,2011,5263
130,7,2012,4969
131,7,2013,4471
132,7,2014,4063
133,7,2015,3693
134,7,2016,4140
135,7,2017,4374
136,7,2018,3594
137,8,2001,89
138,8,2002,12029
139,8,2003,15202
140,8,2004,15729
141,8,2005,14560
142,8,2006,14157
143,8,2007,13848
144,8,2008,13302
145,8,2009,12106
146,8,2010,11584
147,8,2011,11189
148,8,2012,11256
149,8,2013,10090
150,8,2014,8936
151,8,2015,8874
152,8,2016,10361
153,8,2017,12046
154,8,2018,9860
155,9,2001,4
156,9,2002,315
157,9,2003,422
158,9,2004,400
159,9,2005,459
160,9,2006,433
161,9,2007,416
162,9,2008,462
163,9,2009,381
164,9,2010,303
165,9,2011,365
166,9,2012,321
167,9,2013,297
168,9,2014,242
169,9,2015,252
170,9,2016,303
171,9,2017,264
172,9,2018,185
173,10,2001,11
174,10,2002,1434
175,10,2003,2065
176,10,2004,1878
177,10,2005,1730
178,10,2006,1808
179,10,2007,1772
180,10,2008,1966
181,10,2009,1696
182,10,2010,1441
183,10,2011,1438
184,10,2012,1460
185,10,2013,1224
186,10,2014,1249
187,10,2015,1248
188,10,2016,1307
189,10,2017,1069
190,10,2018,898
191,11,2001,16
192,11,2002,1407
193,11,2003,1851
194,11,2004,1701
195,11,2005,1596
196,11,2006,1792
197,11,2007,1612
198,11,2008,1758
199,11,2009,1491
200,11,2010,1394
201,11,2011,1300
202,11,2012,1407
203,11,2013,1334
204,11,2014,1225
205,11,2015,1140
206,11,2016,1069
207,11,2017,1032
208,11,2018,827
209,12,2001,5
210,12,2002,607
211,12,2003,835
212,12,2004,773
213,12,2005,864
214,12,2006,782
215,12,2007,735
216,12,2008,780
217,12,2009,740
218,12,2010,694
219,12,2011,602
220,12,2012,598
221,12,2013,442
222,12,2014,458
223,12,2015,440
224,12,2016,562
225,12,2017,532
226,12,2018,351
227,13,2001,16
228,13,2002,1119
229,13,2003,1461
230,13,2004,1502
231,13,2005,1592
232,13,2006,1550
233,13,2007,1496
234,13,2008,1511
235,13,2009,1292
236,13,2010,1187
237,13,2011,1115
238,13,2012,1081
239,13,2013,914
240,13,2014,871
241,13,2015,828
242,13,2016,965
243,13,2017,951
244,13,2018,738
245,14,2001,36
246,14,2002,3127
247,14,2003,4399
248,14,2004,3792
249,14,2005,3886
250,14,2006,4060
251,14,2007,3697
252,14,2008,3757
253,14,2009,3540
254,14,2010,3545
255,14,2011,3091
256,14,2012,2939
257,14,2013,2682
258,14,2014,2385
259,14,2015,2499
260,14,2016,2394
261,14,2017,2441
262,14,2018,1837
263,15,2001,46
264,15,2002,4547
265,15,2003,6470
266,15,2004,5913
267,15,2005,5808
268,15,2006,5409
269,15,2007,5327
270,15,2008,5652
271,15,2009,5228
272,15,2010,4637
273,15,2011,4381
274,15,2012,4149
275,15,2013,3965
276,15,2014,3370
277,15,2015,3386
278,15,2016,3221
279,15,2017,3316
280,15,2018,2406
281,16,2001,49
282,16,2002,4075
283,16,2003,5458
284,16,2004,5132
285,16,2005,5122
286,16,2006,5041
287,16,2007,4693
288,16,2008,4829
289,16,2009,4612
290,16,2010,4523
291,16,2011,4296
292,16,2012,3928
293,16,2013,3486
294,16,2014,2826
295,16,2015,2957
296,16,2016,2957
297,16,2017,2961
298,16,2018,2127
299,17,2001,23
300,17,2002,2263
301,17,2003,3058
302,17,2004,2789
303,17,2005,2639
304,17,2006,2475
305,17,2007,2684
306,17,2008,2885
307,17,2009,2661
308,17,2010,2349
309,17,2011,2155
310,17,2012,1924
311,17,2013,1828
312,17,2014,1559
313,17,2015,1626
314,17,2016,1739
315,17,2017,1488
316,17,2018,1076
317,18,2001,10
318,18,2002,898
319,18,2003,1277
320,18,2004,1030
321,18,2005,997
322,18,2006,988
323,18,2007,1055
324,18,2008,992
325,18,2009,1080
326,18,2010,899
327,18,2011,850
328,18,2012,780
329,18,2013,632
330,18,2014,519
331,18,2015,573
332,18,2016,668
333,18,2017,607
334,18,2018,456
335,19,2001,87
336,19,2002,6172
337,19,2003,8531
338,19,2004,8100
339,19,2005,8271
340,19,2006,7831
341,19,2007,7991
342,19,2008,7890
343,19,2009,8178
344,19,2010,7577
345,19,2011,6866
346,19,2012,6357
347,19,2013,5698
348,19,2014,4941
349,19,2015,4755
350,19,2016,4744
351,19,2017,4540
352,19,2018,3320
353,20,2001,33
354,20,2002,2060
355,20,2003,3060
356,20,2004,2823
357,20,2005,2612
358,20,2006,2704
359,20,2007,2620
360,20,2008,2424
361,20,2009,2429
362,20,2010,2414
363,20,2011,2059
364,20,2012,2047
365,20,2013,1964
366,20,2014,1779
367,20,2015,1704
368,20,2016,1542
369,20,2017,1495
370,20,2018,1076
371,21,2001,55
372,21,2002,3482
373,21,2003,4777
374,21,2004,4803
375,21,2005,4319
376,21,2006,4138
377,21,2007,3871
378,21,2008,3860
379,21,2009,3808
380,21,2010,3740
381,21,2011,3365
382,21,2012,3271
383,21,2013,2668
384,21,2014,2355
385,21,2015,2215
386,21,2016,2261
387,21,2017,2311
388,21,2018,1741
389,22,2001,119
390,22,2002,8664
391,22,2003,11283
392,22,2004,10621
393,22,2005,9351
394,22,2006,9539
395,22,2007,9164
396,22,2008,8695
397,22,2009,8578
398,22,2010,8157
399,22,2011,7313
400,22,2012,6763
401,22,2013,5844
402,22,2014,5069
403,22,2015,4711
404,22,2016,5386
405,22,2017,4947
406,22,2018,3592
407,23,2001,224
408,23,2002,10894
409,23,2003,15354
410,23,2004,14484
411,23,2005,14693
412,23,2006,13620
413,23,2007,13028
414,23,2008,13001
415,23,2009,12503
416,23,2010,11820
417,23,2011,11142
418,23,2012,11190
419,23,2013,10241
420,23,2014,9163
421,23,2015,7981
422,23,2016,7987
423,23,2017,7997
424,23,2018,6014
425,24,2001,114
426,24,2002,11906
427,24,2003,15249
428,24,2004,14086
429,24,2005,12779
430,24,2006,12950
431,24,2007,12299
432,24,2008,12481
433,24,2009,11646
434,24,2010,11353
435,24,2011,10116
436,24,2012,9653
437,24,2013,8195
438,24,2014,7308
439,24,2015,6929
440,24,2016,8107
441,24,2017,8175
442,24,2018,5334
443,25,2001,268
444,25,2002,20394
445,25,2003,30627
446,25,2004,29409
447,25,2005,28150
448,25,2006,28696
449,25,2007,28449
450,25,2008,26787
451,25,2009,25615
452,25,2010,24275
453,25,2011,22688
454,25,2012,21312
455,25,2013,20192
456,25,2014,18668
457,25,2015,16980
458,25,2016,16645
459,25,2017,15254
460,25,2018,11554
461,26,2001,107
462,26,2002,5408
463,26,2003,7337
464,26,2004,7822
465,26,2005,8378
466,26,2006,8361
467,26,2007,7917
468,26,2008,7330
469,26,2009,6237
470,26,2010,6375
471,26,2011,6275
472,26,2012,6668
473,26,2013,6664
474,26,2014,6178
475,26,2015,5779
476,26,2016,5762
477,26,2017,5330
478,26,2018,4267
479,27,2001,105
480,27,2002,6199
481,27,2003,9101
482,27,2004,9121
483,27,2005,8259
484,27,2006,8566
485,27,2007,8395
486,27,2008,7818
487,27,2009,6998
488,27,2010,6957
489,27,2011,6405
490,27,2012,6175
491,27,2013,6259
492,27,2014,5767
493,27,2015,5255
494,27,2016,5011
495,27,2017,4708
496,27,2018,3748
497,28,2001,96
498,28,2002,10446
499,28,2003,15590
500,28,2004,14594
501,28,2005,13127
502,28,2006,12072
503,28,2007,11578
504,28,2008,11430
505,28,2009,10198
506,28,2010,9801
507,28,2011,9653
508,28,2012,9378
509,28,2013,8484
510,28,2014,7854
511,28,2015,7764
512,28,2016,9352
513,28,2017,8900
514,28,2018,7018
515,29,2001,104
516,29,2002,8495
517,29,2003,12234
518,29,2004,13320
519,29,2005,12646
520,29,2006,11991
521,29,2007,11316
522,29,2008,11085
523,29,2009,10061
524,29,2010,10844
525,29,2011,9993
526,29,2012,10375
527,29,2013,9769
528,29,2014,8628
529,29,2015,8025
530,29,2016,8751
531,29,2017,8965
532,29,2018,7054
533,30,2001,73
534,30,2002,5763
535,30,2003,7483
536,30,2004,7839
537,30,2005,7445
538,30,2006,7387
539,30,2007,7675
540,30,2008,7235
541,30,2009,6196
542,30,2010,6283
543,30,2011,6013
544,30,2012,5767
545,30,2013,5094
546,30,2014,4740
547,30,2015,4383
548,30,2016,4671
549,30,2017,4487
550,30,2018,3382
551,31,2001,41
552,31,2002,3444
553,31,2003,4958
554,31,2004,4732
555,31,2005,4197
556,31,2006,4310
557,31,2007,4287
558,31,2008,4011
559,31,2009,3587
560,31,2010,3493
561,31,2011,3437
562,31,2012,3283
563,31,2013,3064
564,31,2014,2689
565,31,2015,2475
566,31,2016,2598
567,31,2017,2593
568,31,2018,1742
569,32,2001,83
570,32,2002,7103
571,32,2003,9470
572,32,2004,9267
573,32,2005,8883
574,32,2006,8680
575,32,2007,8702
576,32,2008,8605
577,32,2009,7960
578,32,2010,7837
579,32,2011,7591
580,32,2012,7737
581,32,2013,7767
582,32,2014,7249
583,32,2015,7459
584,32,2016,8866
585,32,2017,10438
586,32,2018,8152
587,33,2001,34
588,33,2002,2654
589,33,2003,3936
590,33,2004,4344
591,33,2005,4612
592,33,2006,4413
593,33,2007,3640
594,33,2008,3813
595,33,2009,2236
596,33,2010,1998
597,33,2011,1760
598,33,2012,1860
599,33,2013,1809
600,33,2014,1764
601,33,2015,1838
602,33,2016,1902
603,33,2017,1874
604,33,2018,1425
605,34,2001,15
606,34,2002,1315
607,34,2003,1710
608,34,2004,1646
609,34,2005,1692
610,34,2006,1621
611,34,2007,1216
612,34,2008,1341
613,34,2009,1219
614,34,2010,1367
615,34,2011,1440
616,34,2012,1530
617,34,2013,1292
618,34,2014,1221
619,34,2015,1060
620,34,2016,1004
621,34,2017,1010
622,34,2018,757
623,35,2001,38
624,35,2002,5178
625,35,2003,6480
626,35,2004,6825
627,35,2005,6805
628,35,2006,6157
629,35,2007,5460
630,35,2008,4169
631,35,2009,3126
632,35,2010,2929
633,35,2011,2696
634,35,2012,2762
635,35,2013,2785
636,35,2014,2550
637,35,2015,2468
638,35,2016,2576
639,35,2017,2573
640,35,2018,2067
641,36,2001,7
642,36,2002,851
643,36,2003,892
644,36,2004,891
645,36,2005,872
646,36,2006,796
647,36,2007,938
648,36,2008,939
649,36,2009,847
650,36,2010,859
651,36,2011,792
652,36,2012,771
653,36,2013,711
654,36,2014,636
655,36,2015,616
656,36,2016,684
657,36,2017,668
658,36,2018,485
659,37,2001,7
660,37,2002,1276
661,37,2003,1929
662,37,2004,1514
663,37,2005,1385
664,37,2006,1510
665,37,2007,1416
666,37,2008,1384
667,37,2009,1144
668,37,2010,1215
669,37,2011,1187
670,37,2012,1222
671,37,2013,1074
672,37,2014,929
673,37,2015,830
674,37,2016,925
675,37,2017,874
676,37,2018,650
677,38,2001,53
678,38,2002,6466
679,38,2003,8520
680,38,2004,7638
681,38,2005,6357
682,38,2006,6004
683,38,2007,5334
684,38,2008,5296
685,38,2009,5233
686,38,2010,4675
687,38,2011,4729
688,38,2012,4105
689,38,2013,3990
690,38,2014,3484
691,38,2015,3064
692,38,2016,3272
693,38,2017,3385
694,38,2018,2474
695,39,2001,22
696,39,2002,1985
697,39,2003,2904
698,39,2004,2709
699,39,2005,2880
700,39,2006,2349
701,39,2007,2448
702,39,2008,2291
703,39,2009,2300
704,39,2010,2295
705,39,2011,2070
706,39,2012,1792
707,39,2013,1592
708,39,2014,1478
709,39,2015,1327
710,39,2016,1396
711,39,2017,1500
712,39,2018,1090
713,40,2001,25
714,40,2002,3731
715,40,2003,5205
716,40,2004,5220
717,40,2005,5161
718,40,2006,5162
719,40,2007,4474
720,40,2008,4164
721,40,2009,4175
722,40,2010,4052
723,40,2011,4002
724,40,2012,3465
725,40,2013,3368
726,40,2014,2918
727,40,2015,2717
728,40,2016,2689
729,40,2017,2700
730,40,2018,2212
731,41,2001,32
732,41,2002,2475
733,41,2003,3267
734,41,2004,3230
735,41,2005,3258
736,41,2006,2675
737,41,2007,2598
738,41,2008,2211
739,41,2009,2073
740,41,2010,2234
741,41,2011,2151
742,41,2012,1913
743,41,2013,1663
744,41,2014,1408
745,41,2015,1485
746,41,2016,1737
747,41,2017,1680
748,41,2018,1452
749,42,2001,48
750,42,2002,5762
751,42,2003,8003
752,42,2004,8096
753,42,2005,7817
754,42,2006,7837
755,42,2007,8004
756,42,2008,7039
757,42,2009,6775
758,42,2010,6484
759,42,2011,5699
760,42,2012,5395
761,42,2013,4729
762,42,2014,4158
763,42,2015,3653
764,42,2016,3596
765,42,2017,3798
766,42,2018,2698
767,43,2001,107
768,43,2002,10686
769,43,2003,14541
770,43,2004,14322
771,43,2005,14328
772,43,2006,14769
773,43,2007,14218
774,43,2008,14044
775,43,2009,12863
776,43,2010,12317
777,43,2011,12078
778,43,2012,11598
779,43,2013,10557
780,43,2014,9235
781,43,2015,8905
782,43,2016,8125
783,43,2017,8569
784,43,2018,6577
785,44,2001,69
786,44,2002,6580
787,44,2003,9313
788,44,2004,9437
789,44,2005,9576
790,44,2006,9063
791,44,2007,9616
792,44,2008,9107
793,44,2009,8151
794,44,2010,7510
795,44,2011,7291
796,44,2012,7225
797,44,2013,7141
798,44,2014,6245
799,44,2015,5940
800,44,2016,6216
801,44,2017,6334
802,44,2018,4928
803,45,2001,12
804,45,2002,1603
805,45,2003,2284
806,45,2004,2380
807,45,2005,2362
808,45,2006,2308
809,45,2007,2253
810,45,2008,2299
811,45,2009,1994
812,45,2010,1831
813,45,2011,1956
814,45,2012,1803
815,45,2013,1637
816,45,2014,1489
817,45,2015,1359
818,45,2016,1305
819,45,2017,1268
820,45,2018,836
821,46,2001,75
822,46,2002,5967
823,46,2003,8337
824,46,2004,8842
825,46,2005,8229
826,46,2006,8927
827,46,2007,8815
828,46,2008,7912
829,46,2009,7510
830,46,2010,6779
831,46,2011,6761
832,46,2012,6531
833,46,2013,5814
834,46,2014,5217
835,46,2015,5004
836,46,2016,4769
837,46,2017,4525
838,46,2018,3296
839,47,2001,6
840,47,2002,462
841,47,2003,676
842,47,2004,734
843,47,2005,713
844,47,2006,665
845,47,2007,734
846,47,2008,737
847,47,2009,599
848,47,2010,458
849,47,2011,455
850,47,2012,534
851,47,2013,470
852,47,2014,401
853,47,2015,380
854,47,2016,397
855,47,2017,364
856,47,2018,294
857,48,2001,24
858,48,2002,1725
859,48,2003,2450
860,48,2004,2535
861,48,2005,2318
862,48,2006,2348
863,48,2007,2344
864,48,2008,2262
865,48,2009,2081
866,48,2010,2098
867,48,2011,2215
868,48,2012,1918
869,48,2013,1611
870,48,2014,1580
871,48,2015,1454
872,48,2016,1403
873,48,2017,1344
874,48,2018,1006
875,49,2001,80
876,49,2002,8670
877,49,2003,11602
878,49,2004,11766
879,49,2005,11513
880,49,2006,12206
881,49,2007,12586
882,49,2008,12065
883,49,2009,11046
884,49,2010,10364
885,49,2011,9907
886,49,2012,9011
887,49,2013,8140
888,49,2014,7348
889,49,2015,6534
890,49,2016,6845
891,49,2017,6879
892,49,2018,5259
893,50,2001,17
894,50,2002,1338
895,50,2003,1996
896,50,2004,1912
897,50,2005,1791
898,50,2006,1685
899,50,2007,1948
900,50,2008,1670
901,50,2009,1445
902,50,2010,1372
903,50,2011,1189
904,50,2012,1258
905,50,2013,1145
906,50,2014,1212
907,50,2015,1033
908,50,2016,1203
909,50,2017,1085
910,50,2018,899
911,51,2001,25
912,51,2002,2101
913,51,2003,2842
914,51,2004,2610
915,51,2005,2496
916,51,2006,2561
917,51,2007,2730
918,51,2008,2649
919,51,2009,2527
920,51,2010,2622
921,51,2011,2509
922,51,2012,2288
923,51,2013,2183
924,51,2014,2248
925,51,2015,1897
926,51,2016,1880
927,51,2017,1741
928,51,2018,1291
929,52,2001,12
930,52,2002,1699
931,52,2003,2542
932,52,2004,2401
933,52,2005,2272
934,52,2006,2189
935,52,2007,2092
936,52,2008,2141
937,52,2009,2060
938,52,2010,1852
939,52,2011,1865
940,52,2012,1742
941,52,2013,1496
942,52,2014,1382
943,52,2015,1301
944,52,2016,1327
945,52,2017,1204
946,52,2018,885
947,53,2001,52
948,53,2002,5457
949,53,2003,7233
950,53,2004,7855
951,53,2005,7812
952,53,2006,7636
953,53,2007,8026
954,53,2008,7005
955,53,2009,6621
956,53,2010,5973
957,53,2011,5900
958,53,2012,5740
959,53,2013,5143
960,53,2014,4350
961,53,2015,3943
962,53,2016,3868
963,53,2017,3956
964,53,2018,3141
965,54,2001,14
966,54,2002,1974
967,54,2003,2329
968,54,2004,2250
969,54,2005,1988
970,54,2006,1615
971,54,2007,1525
972,54,2008,1367
973,54,2009,1364
974,54,2010,1395
975,54,2011,1529
976,54,2012,1583
977,54,2013,1491
978,54,2014,1377
979,54,2015,1165
980,54,2016,1268
981,54,2017,1340
982,54,2018,1062
983,55,2001,10
984,55,2002,712
985,55,2003,1062
986,55,2004,993
987,55,2005,922
988,55,2006,964
989,55,2007,858
990,55,2008,957
991,55,2009,807
992,55,2010,765
993,55,2011,822
994,55,2012,739
995,55,2013,714
996,55,2014,623
997,55,2015,503
998,55,2016,582
999,55,2017,662
1000,55,2018,483
1001,56,2001,37
1002,56,2002,3550
1003,56,2003,4441
1004,56,2004,4505
1005,56,2005,4080
1006,56,2006,4196
1007,56,2007,3973
1008,56,2008,3597
1009,56,2009,3235
1010,56,2010,2584
1011,56,2011,2548
1012,56,2012,2461
1013,56,2013,2102
1014,56,2014,1920
1015,56,2015,1778
1016,56,2016,2095
1017,56,2017,1900
1018,56,2018,1585
1019,57,2001,13
1020,57,2002,1125
1021,57,2003,1614
1022,57,2004,1598
1023,57,2005,1603
1024,57,2006,1634
1025,57,2007,1725
1026,57,2008,1555
1027,57,2009,1631
1028,57,2010,1356
1029,57,2011,1284
1030,57,2012,1195
1031,57,2013,1198
1032,57,2014,1049
1033,57,2015,981
1034,57,2016,878
1035,57,2017,836
1036,57,2018,610
1037,58,2001,44
1038,58,2002,3291
1039,58,2003,4859
1040,58,2004,4701
1041,58,2005,4395
1042,58,2006,4612
1043,58,2007,4199
1044,58,2008,4116
1045,58,2009,3828
1046,58,2010,3528
1047,58,2011,3708
1048,58,2012,3186
1049,58,2013,2890
1050,58,2014,2895
1051,58,2015,2707
1052,58,2016,2624
1053,58,2017,2192
1054,58,2018,1647
1055,59,2001,17
1056,59,2002,1521
1057,59,2003,2068
1058,59,2004,2075
1059,59,2005,1896
1060,59,2006,1997
1061,59,2007,1786
1062,59,2008,1768
1063,59,2009,1727
1064,59,2010,1483
1065,59,2011,1428
1066,59,2012,1339
1067,59,2013,1276
1068,59,2014,1053
1069,59,2015,1064
1070,59,2016,1033
1071,59,2017,1039
1072,59,2018,713
1073,60,2001,21
1074,60,2002,2363
1075,60,2003,3217
1076,60,2004,3114
1077,60,2005,3111
1078,60,2006,2959
1079,60,2007,2601
1080,60,2008,2626
1081,60,2009,2498
1082,60,2010,2446
1083,60,2011,2326
1084,60,2012,2163
1085,60,2013,1890
1086,60,2014,1797
1087,60,2015,1587
1088,60,2016,1677
1089,60,2017,1476
1090,60,2018,1140
1091,61,2001,67
1092,61,2002,7617
1093,61,2003,10765
1094,61,2004,10075
1095,61,2005,9585
1096,61,2006,9995
1097,61,2007,9694
1098,61,2008,8847
1099,61,2009,8060
1100,61,2010,7736
1101,61,2011,7723
1102,61,2012,6808
1103,61,2013,5989
1104,61,2014,5243
1105,61,2015,4833
1106,61,2016,4912
1107,61,2017,4604
1108,61,2018,3288
1109,62,2001,11
1110,62,2002,1340
1111,62,2003,1787
1112,62,2004,1708
1113,62,2005,1610
1114,62,2006,1735
1115,62,2007,1674
1116,62,2008,1709
1117,62,2009,1605
1118,62,2010,1395
1119,62,2011,1484
1120,62,2012,1367
1121,62,2013,1291
1122,62,2014,1010
1123,62,2015,1031
1124,62,2016,1096
1125,62,2017,1010
1126,62,2018,799
1127,63,2001,40
1128,63,2002,3026
1129,63,2003,4239
1130,63,2004,3876
1131,63,2005,4292
1132,63,2006,4076
1133,63,2007,3902
1134,63,2008,3904
1135,63,2009,3887
1136,63,2010,3941
1137,63,2011,3735
1138,63,2012,3233
1139,63,2013,2821
1140,63,2014,2618
1141,63,2015,2322
1142,63,2016,2347
1143,63,2017,2276
1144,63,2018,1598
1145,64,2001,23
1146,64,2002,1421
1147,64,2003,1932
1148,64,2004,1905
1149,64,2005,1812
1150,64,2006,1809
1151,64,2007,1924
1152,64,2008,1869
1153,64,2009,1643
1154,64,2010,1397
1155,64,2011,1337
1156,64,2012,1277
1157,64,2013,1113
1158,64,2014,997
1159,64,2015,921
1160,64,2016,964
1161,64,2017,878
1162,64,2018,718
1163,65,2001,28
1164,65,2002,2629
1165,65,2003,3513
1166,65,2004,3546
1167,65,2005,3208
1168,65,2006,3548
1169,65,2007,3203
1170,65,2008,3232
1171,65,2009,3061
1172,65,2010,2770
1173,65,2011,2676
1174,65,2012,2442
1175,65,2013,2245
1176,65,2014,2089
1177,65,2015,2020
1178,65,2016,2125
1179,65,2017,1854
1180,65,2018,1367
1181,66,2001,78
1182,66,2002,7996
1183,66,2003,11138
1184,66,2004,10931
1185,66,2005,11429
1186,66,2006,11684
1187,66,2007,11295
1188,66,2008,11125
1189,66,2009,10297
1190,66,2010,10510
1191,66,2011,9949
1192,66,2012,8574
1193,66,2013,7288
1194,66,2014,6455
1195,66,2015,6082
1196,66,2016,5804
1197,66,2017,5692
1198,66,2018,4335
1199,67,2001,79
1200,67,2002,10068
1201,67,2003,13807
1202,67,2004,13998
1203,67,2005,13504
1204,67,2006,13640
1205,67,2007,13537
1206,67,2008,13350
1207,67,2009,11370
1208,67,2010,11219
1209,67,2011,10816
1210,67,2012,9973
1211,67,2013,9003
1212,67,2014,7583
1213,67,2015,7164
1214,67,2016,6977
1215,67,2017,6900
1216,67,2018,5404
1217,68,2001,102
1218,68,2002,9396
1219,68,2003,12460
1220,68,2004,12832
1221,68,2005,12042
1222,68,2006,12234
1223,68,2007,12368
1224,68,2008,12292
1225,68,2009,10548
1226,68,2010,10161
1227,68,2011,9311
1228,68,2012,9079
1229,68,2013,8185
1230,68,2014,7081
1231,68,2015,6982
1232,68,2016,6245
1233,68,2017,5893
1234,68,2018,4794
1235,69,2001,77
1236,69,2002,7776
1237,69,2003,10820
1238,69,2004,11540
1239,69,2005,11129
1240,69,2006,10919
1241,69,2007,11258
1242,69,2008,10368
1243,69,2009,9529
1244,69,2010,9364
1245,69,2011,8917
1246,69,2012,8716
1247,69,2013,7711
1248,69,2014,6709
1249,69,2015,6660
1250,69,2016,6568
1251,69,2017,6411
1252,69,2018,4831
1253,70,2001,36
1254,70,2002,2927
1255,70,2003,3785
1256,70,2004,3943
1257,70,2005,3995
1258,70,2006,4284
1259,70,2007,4223
1260,70,2008,4241
1261,70,2009,3695
1262,70,2010,3473
1263,70,2011,3131
1264,70,2012,2816
1265,70,2013,2808
1266,70,2014,2548
1267,70,2015,2274
1268,70,2016,2704
1269,70,2017,2463
1270,70,2018,1785
1271,71,2001,91
1272,71,2002,8866
1273,71,2003,12239
1274,71,2004,13111
1275,71,2005,12705
1276,71,2006,12066
1277,71,2007,13287
1278,71,2008,12680
1279,71,2009,11505
1280,71,2010,10656
1281,71,2011,10247
1282,71,2012,9405
1283,71,2013,8560
1284,71,2014,7952
1285,71,2015,7727
1286,71,2016,7562
1287,71,2017,7450
1288,71,2018,5493
1289,72,2001,18
1290,72,2002,1431
1291,72,2003,1709
1292,72,2004,1739
1293,72,2005,1728
1294,72,2006,1520
1295,72,2007,1543
1296,72,2008,1632
1297,72,2009,1383
1298,72,2010,1285
1299,72,2011,1232
1300,72,2012,1197
1301,72,2013,1019
1302,72,2014,898
1303,72,2015,969
1304,72,2016,977
1305,72,2017,869
1306,72,2018,702
1307,73,2001,40
1308,73,2002,3939
1309,73,2003,5062
1310,73,2004,5321
1311,73,2005,5289
1312,73,2006,5516
1313,73,2007,5393
1314,73,2008,4951
1315,73,2009,4639
1316,73,2010,4544
1317,73,2011,4151
1318,73,2012,3960
1319,73,2013,3895
1320,73,2014,3179
1321,73,2015,3104
1322,73,2016,3194
1323,73,2017,3051
1324,73,2018,2485
1325,74,2001,10
1326,74,2002,822
1327,74,2003,1125
1328,74,2004,1095
1329,74,2005,1032
1330,74,2006,949
1331,74,2007,959
1332,74,2008,925
1333,74,2009,886
1334,74,2010,916
1335,74,2011,725
1336,74,2012,706
1337,74,2013,625
1338,74,2014,665
1339,74,2015,603
1340,74,2016,601
1341,74,2017,578
1342,74,2018,434
1343,75,2001,24
1344,75,2002,2719
1345,75,2003,3558
1346,75,2004,3622
1347,75,2005,3533
1348,75,2006,3612
1349,75,2007,3640
1350,75,2008,3418
1351,75,2009,3311
1352,75,2010,3157
1353,75,2011,2905
1354,75,2012,2704
1355,75,2013,2484
1356,75,2014,2132
1357,75,2015,2047
1358,75,2016,1976
1359,75,2017,2082
1360,75,2018,1648
1361,76,2001,30
1362,76,2002,1670
1363,76,2003,2194
1364,76,2004,2080
1365,76,2005,2001
1366,76,2006,2508
1367,76,2007,2447
1368,76,2008,2320
1369,76,2009,2024
1370,76,2010,1876
1371,76,2011,1920
1372,76,2012,1827
1373,76,2013,2127
1374,76,2014,2001
1375,76,2015,1588
1376,76,2016,1729
1377,76,2017,1632
1378,76,2018,1203
1379,77,2001,45
1380,77,2002,3684
1381,77,2003,4754
1382,77,2004,4880
1383,77,2005,4983
1384,77,2006,4694
1385,77,2007,4239
1386,77,2008,4116
1387,77,2009,3580
1388,77,2010,3667
1389,77,2011,3332
1390,77,2012,3265
1391,77,2013,2710
1392,77,2014,2306
1393,77,2015,2197
1394,77,2016,2335
1395,77,2017,2564
1396,77,2018,2076
